{
  "optAnswer": {
    "status": {
      "solver_status": "ok",
      "termination_condition": "optimal"
    },
    "solution": {
      "shared": {
        "busEntities": {
          "sup1": {
            "loc": "Fairfax"
          },
          "sup2": {
            "loc": "LA"
          },
          "transp1": {
            "loc": "Seattle"
          },
          "transp2": {
            "loc": "Baltimore"
          },
          "manuf1": {
            "loc": "NYC"
          },
          "manuf2": {
            "loc": "NYC"
          }
        },
        "items": {
          "mat1": {
            "weight": 1
          },
          "mat2": {
            "weight": 2
          },
          "part1": {
            "weight": 7
          },
          "part2": {
            "weight": 6
          },
          "prod1": {
            "weight": 8
          },
          "prod2": {
            "weight": 9
          }
        }
      },
      "rootService": "combinedManuf",
      "services": {
        "combinedManuf": {
          "type": "composite",
          "inFlow": {
            "mat1_manuf1": {
              "lb": 0,
              "item": "mat1"
            },
            "mat2_manuf1": {
              "lb": 0,
              "item": "mat2"
            }
          },
          "outFlow": {
            "prod1_manuf2": {
              "lb": 0,
              "item": "prod1"
            },
            "prod2_manuf2": {
              "lb": 0,
              "item": "prod2"
            }
          },
          "subServices": [
            "tier1manuf",
            "tier2manuf"
          ]
        },
        "tier1manuf": {
          "type": "manufacturer",
          "inFlow": {
            "mat1_manuf1": {
              "lb": 0,
              "item": "mat1"
            },
            "mat2_manuf1": {
              "lb": 0,
              "item": "mat2"
            }
          },
          "outFlow": {
            "part1_manuf12": {
              "qty": 3000,
              "lb": 0,
              "ppu": 1,
              "item": "part1"
            },
            "part2_manuf12": {
              "qty": 5000,
              "lb": 0,
              "ppu": 2,
              "item": "part2"
            }
          },
          "qtyInPer1out": {
            "part1_manuf12": {
              "mat1_manuf1": 2,
              "mat2_manuf1": 1
            },
            "part2_manuf12": {
              "mat2_manuf1": 3
            }
          }
        },
        "tier2manuf": {
          "type": "manufacturer",
          "inFlow": {
            "part1_manuf12": {
              "lb": 0,
              "item": "part1"
            },
            "part2_manuf12": {
              "lb": 0,
              "item": "part2"
            }
          },
          "outFlow": {
            "prod1_manuf2": {
              "qty": 1000,
              "lb": 0,
              "ppu": 5,
              "item": "prod1"
            },
            "prod2_manuf2": {
              "qty": 2000,
              "lb": 0,
              "ppu": 6,
              "item": "prod2"
            }
          },
          "qtyInPer1out": {
            "prod1_manuf2": {
              "part1_manuf12": 3,
              "part2_manuf12": 1
            },
            "prod2_manuf2": {
              "part2_manuf12": 2
            }
          }
        }
      }
    },
    "report": {
      "Problem": [
        {
          "Lower bound": "30000.0",
          "Name": "unknown",
          "Number of constraints": 29,
          "Number of nonzeros": 38,
          "Number of objectives": 1,
          "Number of variables": 5,
          "Sense": "minimize",
          "Upper bound": "30000.0"
        }
      ],
      "Solution": [
        {
          "number of solutions": 0,
          "number of solutions displayed": 0
        }
      ],
      "Solver": [
        {
          "Error rc": 0,
          "Statistics": {
            "Branch and bound": {
              "Number of bounded subproblems": "1",
              "Number of created subproblems": "1"
            }
          },
          "Status": "ok",
          "Termination condition": "optimal",
          "Time": 0.0290377140045166
        }
      ]
    }
  },
  "optOutput": {
    "cost": 30000,
    "constraints": true,
    "rootService": "combinedManuf",
    "services": {
      "tier1manuf": {
        "type": "manufacturer",
        "cost": 13000,
        "constraints": true,
        "inFlow": {
          "mat1_manuf1": {
            "qty": 6000,
            "item": "mat1"
          },
          "mat2_manuf1": {
            "qty": 18000,
            "item": "mat2"
          }
        },
        "outFlow": {
          "part1_manuf12": {
            "qty": 3000,
            "item": "part1"
          },
          "part2_manuf12": {
            "qty": 5000,
            "item": "part2"
          }
        }
      },
      "tier2manuf": {
        "type": "manufacturer",
        "cost": 17000,
        "constraints": true,
        "inFlow": {
          "part1_manuf12": {
            "qty": 3000,
            "item": "part1"
          },
          "part2_manuf12": {
            "qty": 5000,
            "item": "part2"
          }
        },
        "outFlow": {
          "prod1_manuf2": {
            "qty": 1000,
            "item": "prod1"
          },
          "prod2_manuf2": {
            "qty": 2000,
            "item": "prod2"
          }
        }
      },
      "combinedManuf": {
        "type": "composite",
        "cost": 30000,
        "constraints": true,
        "inFlow": {
          "mat1_manuf1": {
            "qty": 6000,
            "item": "mat1"
          },
          "mat2_manuf1": {
            "qty": 18000,
            "item": "mat2"
          }
        },
        "outFlow": {
          "prod1_manuf2": {
            "qty": 1000,
            "item": "prod1"
          },
          "prod2_manuf2": {
            "qty": 2000,
            "item": "prod2"
          }
        },
        "subServices": [
          "tier1manuf",
          "tier2manuf"
        ]
      }
    }
  }
}
