{
  "cost": 20900,
  "constraints": true,
  "rootService": "combinedSupply",
  "services": {
    "combinedSupply": {
      "type": "composite",
      "cost": 20900,
      "constraints": true,
      "inFlow": {},
      "outFlow": {
        "mat1_sup1": {
          "qty": 2000,
          "item": "mat1"
        },
        "mat2_sup1": {
          "qty": 1500,
          "item": "mat2"
        },
        "mat1_sup2": {
          "qty": 500,
          "item": "mat1"
        },
        "mat2_sup2": {
          "qty": 1300,
          "item": "mat2"
        }
      },
      "subServices": [
        "sup1",
        "sup2"
      ],
      "debug": {
        "flowKeys": [
          "mat1_sup1",
          "mat2_sup1",
          "mat1_sup2",
          "mat2_sup2"
        ],
        "subServiceMetrics": {
          "sup1": {
            "type": "supplier",
            "cost": 16000,
            "constraints": true,
            "inFlow": {},
            "outFlow": {
              "mat1_sup1": {
                "qty": 2000,
                "item": "mat1"
              },
              "mat2_sup1": {
                "qty": 1500,
                "item": "mat2"
              }
            }
          },
          "sup2": {
            "type": "supplier",
            "cost": 4900,
            "constraints": true,
            "inFlow": {},
            "outFlow": {
              "mat1_sup2": {
                "qty": 500,
                "item": "mat1"
              },
              "mat2_sup2": {
                "qty": 1300,
                "item": "mat2"
              }
            }
          }
        },
        "subServicesFlowSupply": {
          "mat1_sup1": 2000,
          "mat2_sup1": 1500,
          "mat1_sup2": 500,
          "mat2_sup2": 1300
        },
        "subServicesFlowDemand": {
          "mat1_sup1": 0,
          "mat2_sup1": 0,
          "mat1_sup2": 0,
          "mat2_sup2": 0
        },
        "inFlowKeys": [],
        "outFlowKeys": [
          "mat1_sup1",
          "mat2_sup1",
          "mat1_sup2",
          "mat2_sup2"
        ],
        "internalFlowKeys": null,
        "internalSupplySatisfiesDemand": true,
        "inFlowConstraints": true,
        "outFlowConstraints": true,
        "subServiceConstraints": true
      }
    },
    "sup1": {
      "type": "supplier",
      "cost": 16000,
      "constraints": true,
      "inFlow": {},
      "outFlow": {
        "mat1_sup1": {
          "qty": 2000,
          "item": "mat1"
        },
        "mat2_sup1": {
          "qty": 1500,
          "item": "mat2"
        }
      }
    },
    "sup2": {
      "type": "supplier",
      "cost": 4900,
      "constraints": true,
      "inFlow": {},
      "outFlow": {
        "mat1_sup2": {
          "qty": 500,
          "item": "mat1"
        },
        "mat2_sup2": {
          "qty": 1300,
          "item": "mat2"
        }
      }
    }
  }
}
