{
  "cost": 31300,
  "constraints": true,
  "rootService": "mySupplyChain",
  "services": {
    "mySupplyChain": {
      "type": "composite",
      "cost": 31300,
      "constraints": true,
      "inFlow": {},
      "outFlow": {
        "prod1_manuf2": {
          "qty": 100,
          "item": "prod1"
        },
        "prod2_manuf2": {
          "qty": 200,
          "item": "prod2"
        }
      },
      "subServices": [
        "combinedSupply",
        "combinedTransport",
        "combinedManuf"
      ],
      "debug": {
        "flowKeys": [
          "prod1_manuf2",
          "prod2_manuf2",
          "mat1_sup1",
          "mat2_sup1",
          "mat1_sup2",
          "mat2_sup2",
          "mat1_manuf1",
          "mat2_manuf1"
        ],
        "subServiceMetrics": {
          "combinedSupply": {
            "type": "composite",
            "cost": 20900,
            "constraints": true,
            "inFlow": {},
            "outFlow": {
              "mat1_sup1": {
                "qty": 2000,
                "item": "mat1"
              },
              "mat2_sup1": {
                "qty": 1500,
                "item": "mat2"
              },
              "mat1_sup2": {
                "qty": 500,
                "item": "mat1"
              },
              "mat2_sup2": {
                "qty": 1300,
                "item": "mat2"
              }
            },
            "subServices": [
              "sup1",
              "sup2"
            ],
            "debug": {
              "flowKeys": [
                "mat1_sup1",
                "mat2_sup1",
                "mat1_sup2",
                "mat2_sup2"
              ],
              "subServiceMetrics": {
                "sup1": {
                  "type": "supplier",
                  "cost": 16000,
                  "constraints": true,
                  "inFlow": {},
                  "outFlow": {
                    "mat1_sup1": {
                      "qty": 2000,
                      "item": "mat1"
                    },
                    "mat2_sup1": {
                      "qty": 1500,
                      "item": "mat2"
                    }
                  }
                },
                "sup2": {
                  "type": "supplier",
                  "cost": 4900,
                  "constraints": true,
                  "inFlow": {},
                  "outFlow": {
                    "mat1_sup2": {
                      "qty": 500,
                      "item": "mat1"
                    },
                    "mat2_sup2": {
                      "qty": 1300,
                      "item": "mat2"
                    }
                  }
                }
              },
              "subServicesFlowSupply": {
                "mat1_sup1": 2000,
                "mat2_sup1": 1500,
                "mat1_sup2": 500,
                "mat2_sup2": 1300
              },
              "subServicesFlowDemand": {
                "mat1_sup1": 0,
                "mat2_sup1": 0,
                "mat1_sup2": 0,
                "mat2_sup2": 0
              },
              "inFlowKeys": [],
              "outFlowKeys": [
                "mat1_sup1",
                "mat2_sup1",
                "mat1_sup2",
                "mat2_sup2"
              ],
              "internalFlowKeys": null,
              "internalSupplySatisfiesDemand": true,
              "inFlowConstraints": true,
              "outFlowConstraints": true,
              "subServiceConstraints": true
            }
          },
          "sup1": {
            "type": "supplier",
            "cost": 16000,
            "constraints": true,
            "inFlow": {},
            "outFlow": {
              "mat1_sup1": {
                "qty": 2000,
                "item": "mat1"
              },
              "mat2_sup1": {
                "qty": 1500,
                "item": "mat2"
              }
            }
          },
          "sup2": {
            "type": "supplier",
            "cost": 4900,
            "constraints": true,
            "inFlow": {},
            "outFlow": {
              "mat1_sup2": {
                "qty": 500,
                "item": "mat1"
              },
              "mat2_sup2": {
                "qty": 1300,
                "item": "mat2"
              }
            }
          },
          "combinedTransport": {
            "type": "composite",
            "cost": 7400,
            "constraints": true,
            "inFlow": {
              "mat1_sup1": {
                "qty": 600,
                "item": "mat1"
              },
              "mat2_sup1": {
                "qty": 700,
                "item": "mat2"
              },
              "mat1_sup2": {
                "qty": 400,
                "item": "mat1"
              },
              "mat2_sup2": {
                "qty": 1200,
                "item": "mat2"
              }
            },
            "outFlow": {
              "mat1_manuf1": {
                "qty": 1000,
                "item": "mat1"
              },
              "mat2_manuf1": {
                "qty": 1900,
                "item": "mat2"
              }
            },
            "subServices": [
              "transp1",
              "transp2"
            ],
            "debug": {
              "flowKeys": [
                "mat1_sup1",
                "mat2_sup1",
                "mat1_sup2",
                "mat2_sup2",
                "mat1_manuf1",
                "mat2_manuf1"
              ],
              "subServiceMetrics": {
                "transp1": {
                  "type": "transport",
                  "cost": 5000,
                  "constraints": true,
                  "inFlow": {
                    "mat1_sup1": {
                      "qty": 600,
                      "item": "mat1"
                    },
                    "mat2_sup1": {
                      "qty": 700,
                      "item": "mat2"
                    },
                    "mat1_sup2": {
                      "qty": 400,
                      "item": "mat1"
                    },
                    "mat2_sup2": {
                      "qty": 600,
                      "item": "mat2"
                    }
                  },
                  "outFlow": {
                    "mat1_manuf1": {
                      "qty": 1000,
                      "item": "mat1"
                    },
                    "mat2_manuf1": {
                      "qty": 1300,
                      "item": "mat2"
                    }
                  },
                  "debug": {
                    "busEntities": {
                      "sup1": {
                        "loc": "Fairfax"
                      },
                      "sup2": {
                        "loc": "LA"
                      },
                      "transp1": {
                        "loc": "Seattle"
                      },
                      "transp2": {
                        "loc": "Baltimore"
                      },
                      "manuf1": {
                        "loc": "NYC"
                      },
                      "manuf2": {
                        "loc": "NYC"
                      }
                    },
                    "sourceLocations": [
                      "Fairfax",
                      "LA"
                    ],
                    "destsPerSource": {
                      "Fairfax": [
                        "NYC"
                      ],
                      "LA": [
                        "NYC"
                      ]
                    },
                    "weightCostPerSourceDest": [
                      {
                        "source": "Fairfax",
                        "dest": "NYC",
                        "weight": 2000,
                        "cost": 1000
                      },
                      {
                        "source": "LA",
                        "dest": "NYC",
                        "weight": 1600,
                        "cost": 4000
                      }
                    ]
                  }
                },
                "transp2": {
                  "type": "transport",
                  "cost": 2400,
                  "constraints": true,
                  "inFlow": {
                    "mat1_sup1": {
                      "qty": 0,
                      "item": "mat1"
                    },
                    "mat2_sup1": {
                      "qty": 0,
                      "item": "mat2"
                    },
                    "mat1_sup2": {
                      "qty": 0,
                      "item": "mat1"
                    },
                    "mat2_sup2": {
                      "qty": 600,
                      "item": "mat2"
                    }
                  },
                  "outFlow": {
                    "mat1_manuf1": {
                      "qty": 0,
                      "item": "mat1"
                    },
                    "mat2_manuf1": {
                      "qty": 600,
                      "item": "mat2"
                    }
                  },
                  "debug": {
                    "busEntities": {
                      "sup1": {
                        "loc": "Fairfax"
                      },
                      "sup2": {
                        "loc": "LA"
                      },
                      "transp1": {
                        "loc": "Seattle"
                      },
                      "transp2": {
                        "loc": "Baltimore"
                      },
                      "manuf1": {
                        "loc": "NYC"
                      },
                      "manuf2": {
                        "loc": "NYC"
                      }
                    },
                    "sourceLocations": [
                      "Fairfax",
                      "LA"
                    ],
                    "destsPerSource": {
                      "Fairfax": [
                        "NYC"
                      ],
                      "LA": [
                        "NYC"
                      ]
                    },
                    "weightCostPerSourceDest": [
                      {
                        "source": "Fairfax",
                        "dest": "NYC",
                        "weight": 0,
                        "cost": 0
                      },
                      {
                        "source": "LA",
                        "dest": "NYC",
                        "weight": 1200,
                        "cost": 2400
                      }
                    ]
                  }
                }
              },
              "subServicesFlowSupply": {
                "mat1_sup1": 0,
                "mat2_sup1": 0,
                "mat1_sup2": 0,
                "mat2_sup2": 0,
                "mat1_manuf1": 1000,
                "mat2_manuf1": 1900
              },
              "subServicesFlowDemand": {
                "mat1_sup1": 600,
                "mat2_sup1": 700,
                "mat1_sup2": 400,
                "mat2_sup2": 1200,
                "mat1_manuf1": 0,
                "mat2_manuf1": 0
              },
              "inFlowKeys": [
                "mat1_sup1",
                "mat2_sup1",
                "mat1_sup2",
                "mat2_sup2"
              ],
              "outFlowKeys": [
                "mat1_manuf1",
                "mat2_manuf1"
              ],
              "internalFlowKeys": null,
              "internalSupplySatisfiesDemand": true,
              "inFlowConstraints": true,
              "outFlowConstraints": true,
              "subServiceConstraints": true
            }
          },
          "transp1": {
            "type": "transport",
            "cost": 5000,
            "constraints": true,
            "inFlow": {
              "mat1_sup1": {
                "qty": 600,
                "item": "mat1"
              },
              "mat2_sup1": {
                "qty": 700,
                "item": "mat2"
              },
              "mat1_sup2": {
                "qty": 400,
                "item": "mat1"
              },
              "mat2_sup2": {
                "qty": 600,
                "item": "mat2"
              }
            },
            "outFlow": {
              "mat1_manuf1": {
                "qty": 1000,
                "item": "mat1"
              },
              "mat2_manuf1": {
                "qty": 1300,
                "item": "mat2"
              }
            },
            "debug": {
              "busEntities": {
                "sup1": {
                  "loc": "Fairfax"
                },
                "sup2": {
                  "loc": "LA"
                },
                "transp1": {
                  "loc": "Seattle"
                },
                "transp2": {
                  "loc": "Baltimore"
                },
                "manuf1": {
                  "loc": "NYC"
                },
                "manuf2": {
                  "loc": "NYC"
                }
              },
              "sourceLocations": [
                "Fairfax",
                "LA"
              ],
              "destsPerSource": {
                "Fairfax": [
                  "NYC"
                ],
                "LA": [
                  "NYC"
                ]
              },
              "weightCostPerSourceDest": [
                {
                  "source": "Fairfax",
                  "dest": "NYC",
                  "weight": 2000,
                  "cost": 1000
                },
                {
                  "source": "LA",
                  "dest": "NYC",
                  "weight": 1600,
                  "cost": 4000
                }
              ]
            }
          },
          "transp2": {
            "type": "transport",
            "cost": 2400,
            "constraints": true,
            "inFlow": {
              "mat1_sup1": {
                "qty": 0,
                "item": "mat1"
              },
              "mat2_sup1": {
                "qty": 0,
                "item": "mat2"
              },
              "mat1_sup2": {
                "qty": 0,
                "item": "mat1"
              },
              "mat2_sup2": {
                "qty": 600,
                "item": "mat2"
              }
            },
            "outFlow": {
              "mat1_manuf1": {
                "qty": 0,
                "item": "mat1"
              },
              "mat2_manuf1": {
                "qty": 600,
                "item": "mat2"
              }
            },
            "debug": {
              "busEntities": {
                "sup1": {
                  "loc": "Fairfax"
                },
                "sup2": {
                  "loc": "LA"
                },
                "transp1": {
                  "loc": "Seattle"
                },
                "transp2": {
                  "loc": "Baltimore"
                },
                "manuf1": {
                  "loc": "NYC"
                },
                "manuf2": {
                  "loc": "NYC"
                }
              },
              "sourceLocations": [
                "Fairfax",
                "LA"
              ],
              "destsPerSource": {
                "Fairfax": [
                  "NYC"
                ],
                "LA": [
                  "NYC"
                ]
              },
              "weightCostPerSourceDest": [
                {
                  "source": "Fairfax",
                  "dest": "NYC",
                  "weight": 0,
                  "cost": 0
                },
                {
                  "source": "LA",
                  "dest": "NYC",
                  "weight": 1200,
                  "cost": 2400
                }
              ]
            }
          },
          "combinedManuf": {
            "type": "composite",
            "cost": 3000,
            "constraints": true,
            "inFlow": {
              "mat1_manuf1": {
                "qty": 600,
                "item": "mat1"
              },
              "mat2_manuf1": {
                "qty": 1800,
                "item": "mat2"
              }
            },
            "outFlow": {
              "prod1_manuf2": {
                "qty": 100,
                "item": "prod1"
              },
              "prod2_manuf2": {
                "qty": 200,
                "item": "prod2"
              }
            },
            "subServices": [
              "tier1manuf",
              "tier2manuf"
            ],
            "debug": {
              "flowKeys": [
                "mat1_manuf1",
                "mat2_manuf1",
                "prod1_manuf2",
                "prod2_manuf2",
                "part1_manuf12",
                "part2_manuf12"
              ],
              "subServiceMetrics": {
                "tier1manuf": {
                  "type": "manufacturer",
                  "cost": 1300,
                  "constraints": true,
                  "inFlow": {
                    "mat1_manuf1": {
                      "qty": 600,
                      "item": "mat1"
                    },
                    "mat2_manuf1": {
                      "qty": 1800,
                      "item": "mat2"
                    }
                  },
                  "outFlow": {
                    "part1_manuf12": {
                      "qty": 300,
                      "item": "part1"
                    },
                    "part2_manuf12": {
                      "qty": 500,
                      "item": "part2"
                    }
                  }
                },
                "tier2manuf": {
                  "type": "manufacturer",
                  "cost": 1700,
                  "constraints": true,
                  "inFlow": {
                    "part1_manuf12": {
                      "qty": 300,
                      "item": "part1"
                    },
                    "part2_manuf12": {
                      "qty": 500,
                      "item": "part2"
                    }
                  },
                  "outFlow": {
                    "prod1_manuf2": {
                      "qty": 100,
                      "item": "prod1"
                    },
                    "prod2_manuf2": {
                      "qty": 200,
                      "item": "prod2"
                    }
                  }
                }
              },
              "subServicesFlowSupply": {
                "mat1_manuf1": 0,
                "mat2_manuf1": 0,
                "prod1_manuf2": 100,
                "prod2_manuf2": 200,
                "part1_manuf12": 300,
                "part2_manuf12": 500
              },
              "subServicesFlowDemand": {
                "mat1_manuf1": 600,
                "mat2_manuf1": 1800,
                "prod1_manuf2": 0,
                "prod2_manuf2": 0,
                "part1_manuf12": 300,
                "part2_manuf12": 500
              },
              "inFlowKeys": [
                "mat1_manuf1",
                "mat2_manuf1"
              ],
              "outFlowKeys": [
                "prod1_manuf2",
                "prod2_manuf2"
              ],
              "internalFlowKeys": [
                "part1_manuf12",
                "part2_manuf12"
              ],
              "internalSupplySatisfiesDemand": true,
              "inFlowConstraints": true,
              "outFlowConstraints": true,
              "subServiceConstraints": true
            }
          },
          "tier1manuf": {
            "type": "manufacturer",
            "cost": 1300,
            "constraints": true,
            "inFlow": {
              "mat1_manuf1": {
                "qty": 600,
                "item": "mat1"
              },
              "mat2_manuf1": {
                "qty": 1800,
                "item": "mat2"
              }
            },
            "outFlow": {
              "part1_manuf12": {
                "qty": 300,
                "item": "part1"
              },
              "part2_manuf12": {
                "qty": 500,
                "item": "part2"
              }
            }
          },
          "tier2manuf": {
            "type": "manufacturer",
            "cost": 1700,
            "constraints": true,
            "inFlow": {
              "part1_manuf12": {
                "qty": 300,
                "item": "part1"
              },
              "part2_manuf12": {
                "qty": 500,
                "item": "part2"
              }
            },
            "outFlow": {
              "prod1_manuf2": {
                "qty": 100,
                "item": "prod1"
              },
              "prod2_manuf2": {
                "qty": 200,
                "item": "prod2"
              }
            }
          }
        },
        "subServicesFlowSupply": {
          "prod1_manuf2": 100,
          "prod2_manuf2": 200,
          "mat1_sup1": 2000,
          "mat2_sup1": 1500,
          "mat1_sup2": 500,
          "mat2_sup2": 1300,
          "mat1_manuf1": 1000,
          "mat2_manuf1": 1900
        },
        "subServicesFlowDemand": {
          "prod1_manuf2": 0,
          "prod2_manuf2": 0,
          "mat1_sup1": 600,
          "mat2_sup1": 700,
          "mat1_sup2": 400,
          "mat2_sup2": 1200,
          "mat1_manuf1": 600,
          "mat2_manuf1": 1800
        },
        "inFlowKeys": [],
        "outFlowKeys": [
          "prod1_manuf2",
          "prod2_manuf2"
        ],
        "internalFlowKeys": [
          "mat1_sup1",
          "mat2_sup1",
          "mat1_sup2",
          "mat2_sup2",
          "mat1_manuf1",
          "mat2_manuf1"
        ],
        "internalSupplySatisfiesDemand": true,
        "inFlowConstraints": true,
        "outFlowConstraints": true,
        "subServiceConstraints": true
      }
    },
    "combinedSupply": {
      "type": "composite",
      "cost": 20900,
      "constraints": true,
      "inFlow": {},
      "outFlow": {
        "mat1_sup1": {
          "qty": 2000,
          "item": "mat1"
        },
        "mat2_sup1": {
          "qty": 1500,
          "item": "mat2"
        },
        "mat1_sup2": {
          "qty": 500,
          "item": "mat1"
        },
        "mat2_sup2": {
          "qty": 1300,
          "item": "mat2"
        }
      },
      "subServices": [
        "sup1",
        "sup2"
      ],
      "debug": {
        "flowKeys": [
          "mat1_sup1",
          "mat2_sup1",
          "mat1_sup2",
          "mat2_sup2"
        ],
        "subServiceMetrics": {
          "sup1": {
            "type": "supplier",
            "cost": 16000,
            "constraints": true,
            "inFlow": {},
            "outFlow": {
              "mat1_sup1": {
                "qty": 2000,
                "item": "mat1"
              },
              "mat2_sup1": {
                "qty": 1500,
                "item": "mat2"
              }
            }
          },
          "sup2": {
            "type": "supplier",
            "cost": 4900,
            "constraints": true,
            "inFlow": {},
            "outFlow": {
              "mat1_sup2": {
                "qty": 500,
                "item": "mat1"
              },
              "mat2_sup2": {
                "qty": 1300,
                "item": "mat2"
              }
            }
          }
        },
        "subServicesFlowSupply": {
          "mat1_sup1": 2000,
          "mat2_sup1": 1500,
          "mat1_sup2": 500,
          "mat2_sup2": 1300
        },
        "subServicesFlowDemand": {
          "mat1_sup1": 0,
          "mat2_sup1": 0,
          "mat1_sup2": 0,
          "mat2_sup2": 0
        },
        "inFlowKeys": [],
        "outFlowKeys": [
          "mat1_sup1",
          "mat2_sup1",
          "mat1_sup2",
          "mat2_sup2"
        ],
        "internalFlowKeys": null,
        "internalSupplySatisfiesDemand": true,
        "inFlowConstraints": true,
        "outFlowConstraints": true,
        "subServiceConstraints": true
      }
    },
    "sup1": {
      "type": "supplier",
      "cost": 16000,
      "constraints": true,
      "inFlow": {},
      "outFlow": {
        "mat1_sup1": {
          "qty": 2000,
          "item": "mat1"
        },
        "mat2_sup1": {
          "qty": 1500,
          "item": "mat2"
        }
      }
    },
    "sup2": {
      "type": "supplier",
      "cost": 4900,
      "constraints": true,
      "inFlow": {},
      "outFlow": {
        "mat1_sup2": {
          "qty": 500,
          "item": "mat1"
        },
        "mat2_sup2": {
          "qty": 1300,
          "item": "mat2"
        }
      }
    },
    "combinedTransport": {
      "type": "composite",
      "cost": 7400,
      "constraints": true,
      "inFlow": {
        "mat1_sup1": {
          "qty": 600,
          "item": "mat1"
        },
        "mat2_sup1": {
          "qty": 700,
          "item": "mat2"
        },
        "mat1_sup2": {
          "qty": 400,
          "item": "mat1"
        },
        "mat2_sup2": {
          "qty": 1200,
          "item": "mat2"
        }
      },
      "outFlow": {
        "mat1_manuf1": {
          "qty": 1000,
          "item": "mat1"
        },
        "mat2_manuf1": {
          "qty": 1900,
          "item": "mat2"
        }
      },
      "subServices": [
        "transp1",
        "transp2"
      ],
      "debug": {
        "flowKeys": [
          "mat1_sup1",
          "mat2_sup1",
          "mat1_sup2",
          "mat2_sup2",
          "mat1_manuf1",
          "mat2_manuf1"
        ],
        "subServiceMetrics": {
          "transp1": {
            "type": "transport",
            "cost": 5000,
            "constraints": true,
            "inFlow": {
              "mat1_sup1": {
                "qty": 600,
                "item": "mat1"
              },
              "mat2_sup1": {
                "qty": 700,
                "item": "mat2"
              },
              "mat1_sup2": {
                "qty": 400,
                "item": "mat1"
              },
              "mat2_sup2": {
                "qty": 600,
                "item": "mat2"
              }
            },
            "outFlow": {
              "mat1_manuf1": {
                "qty": 1000,
                "item": "mat1"
              },
              "mat2_manuf1": {
                "qty": 1300,
                "item": "mat2"
              }
            },
            "debug": {
              "busEntities": {
                "sup1": {
                  "loc": "Fairfax"
                },
                "sup2": {
                  "loc": "LA"
                },
                "transp1": {
                  "loc": "Seattle"
                },
                "transp2": {
                  "loc": "Baltimore"
                },
                "manuf1": {
                  "loc": "NYC"
                },
                "manuf2": {
                  "loc": "NYC"
                }
              },
              "sourceLocations": [
                "Fairfax",
                "LA"
              ],
              "destsPerSource": {
                "Fairfax": [
                  "NYC"
                ],
                "LA": [
                  "NYC"
                ]
              },
              "weightCostPerSourceDest": [
                {
                  "source": "Fairfax",
                  "dest": "NYC",
                  "weight": 2000,
                  "cost": 1000
                },
                {
                  "source": "LA",
                  "dest": "NYC",
                  "weight": 1600,
                  "cost": 4000
                }
              ]
            }
          },
          "transp2": {
            "type": "transport",
            "cost": 2400,
            "constraints": true,
            "inFlow": {
              "mat1_sup1": {
                "qty": 0,
                "item": "mat1"
              },
              "mat2_sup1": {
                "qty": 0,
                "item": "mat2"
              },
              "mat1_sup2": {
                "qty": 0,
                "item": "mat1"
              },
              "mat2_sup2": {
                "qty": 600,
                "item": "mat2"
              }
            },
            "outFlow": {
              "mat1_manuf1": {
                "qty": 0,
                "item": "mat1"
              },
              "mat2_manuf1": {
                "qty": 600,
                "item": "mat2"
              }
            },
            "debug": {
              "busEntities": {
                "sup1": {
                  "loc": "Fairfax"
                },
                "sup2": {
                  "loc": "LA"
                },
                "transp1": {
                  "loc": "Seattle"
                },
                "transp2": {
                  "loc": "Baltimore"
                },
                "manuf1": {
                  "loc": "NYC"
                },
                "manuf2": {
                  "loc": "NYC"
                }
              },
              "sourceLocations": [
                "Fairfax",
                "LA"
              ],
              "destsPerSource": {
                "Fairfax": [
                  "NYC"
                ],
                "LA": [
                  "NYC"
                ]
              },
              "weightCostPerSourceDest": [
                {
                  "source": "Fairfax",
                  "dest": "NYC",
                  "weight": 0,
                  "cost": 0
                },
                {
                  "source": "LA",
                  "dest": "NYC",
                  "weight": 1200,
                  "cost": 2400
                }
              ]
            }
          }
        },
        "subServicesFlowSupply": {
          "mat1_sup1": 0,
          "mat2_sup1": 0,
          "mat1_sup2": 0,
          "mat2_sup2": 0,
          "mat1_manuf1": 1000,
          "mat2_manuf1": 1900
        },
        "subServicesFlowDemand": {
          "mat1_sup1": 600,
          "mat2_sup1": 700,
          "mat1_sup2": 400,
          "mat2_sup2": 1200,
          "mat1_manuf1": 0,
          "mat2_manuf1": 0
        },
        "inFlowKeys": [
          "mat1_sup1",
          "mat2_sup1",
          "mat1_sup2",
          "mat2_sup2"
        ],
        "outFlowKeys": [
          "mat1_manuf1",
          "mat2_manuf1"
        ],
        "internalFlowKeys": null,
        "internalSupplySatisfiesDemand": true,
        "inFlowConstraints": true,
        "outFlowConstraints": true,
        "subServiceConstraints": true
      }
    },
    "transp1": {
      "type": "transport",
      "cost": 5000,
      "constraints": true,
      "inFlow": {
        "mat1_sup1": {
          "qty": 600,
          "item": "mat1"
        },
        "mat2_sup1": {
          "qty": 700,
          "item": "mat2"
        },
        "mat1_sup2": {
          "qty": 400,
          "item": "mat1"
        },
        "mat2_sup2": {
          "qty": 600,
          "item": "mat2"
        }
      },
      "outFlow": {
        "mat1_manuf1": {
          "qty": 1000,
          "item": "mat1"
        },
        "mat2_manuf1": {
          "qty": 1300,
          "item": "mat2"
        }
      },
      "debug": {
        "busEntities": {
          "sup1": {
            "loc": "Fairfax"
          },
          "sup2": {
            "loc": "LA"
          },
          "transp1": {
            "loc": "Seattle"
          },
          "transp2": {
            "loc": "Baltimore"
          },
          "manuf1": {
            "loc": "NYC"
          },
          "manuf2": {
            "loc": "NYC"
          }
        },
        "sourceLocations": [
          "Fairfax",
          "LA"
        ],
        "destsPerSource": {
          "Fairfax": [
            "NYC"
          ],
          "LA": [
            "NYC"
          ]
        },
        "weightCostPerSourceDest": [
          {
            "source": "Fairfax",
            "dest": "NYC",
            "weight": 2000,
            "cost": 1000
          },
          {
            "source": "LA",
            "dest": "NYC",
            "weight": 1600,
            "cost": 4000
          }
        ]
      }
    },
    "transp2": {
      "type": "transport",
      "cost": 2400,
      "constraints": true,
      "inFlow": {
        "mat1_sup1": {
          "qty": 0,
          "item": "mat1"
        },
        "mat2_sup1": {
          "qty": 0,
          "item": "mat2"
        },
        "mat1_sup2": {
          "qty": 0,
          "item": "mat1"
        },
        "mat2_sup2": {
          "qty": 600,
          "item": "mat2"
        }
      },
      "outFlow": {
        "mat1_manuf1": {
          "qty": 0,
          "item": "mat1"
        },
        "mat2_manuf1": {
          "qty": 600,
          "item": "mat2"
        }
      },
      "debug": {
        "busEntities": {
          "sup1": {
            "loc": "Fairfax"
          },
          "sup2": {
            "loc": "LA"
          },
          "transp1": {
            "loc": "Seattle"
          },
          "transp2": {
            "loc": "Baltimore"
          },
          "manuf1": {
            "loc": "NYC"
          },
          "manuf2": {
            "loc": "NYC"
          }
        },
        "sourceLocations": [
          "Fairfax",
          "LA"
        ],
        "destsPerSource": {
          "Fairfax": [
            "NYC"
          ],
          "LA": [
            "NYC"
          ]
        },
        "weightCostPerSourceDest": [
          {
            "source": "Fairfax",
            "dest": "NYC",
            "weight": 0,
            "cost": 0
          },
          {
            "source": "LA",
            "dest": "NYC",
            "weight": 1200,
            "cost": 2400
          }
        ]
      }
    },
    "combinedManuf": {
      "type": "composite",
      "cost": 3000,
      "constraints": true,
      "inFlow": {
        "mat1_manuf1": {
          "qty": 600,
          "item": "mat1"
        },
        "mat2_manuf1": {
          "qty": 1800,
          "item": "mat2"
        }
      },
      "outFlow": {
        "prod1_manuf2": {
          "qty": 100,
          "item": "prod1"
        },
        "prod2_manuf2": {
          "qty": 200,
          "item": "prod2"
        }
      },
      "subServices": [
        "tier1manuf",
        "tier2manuf"
      ],
      "debug": {
        "flowKeys": [
          "mat1_manuf1",
          "mat2_manuf1",
          "prod1_manuf2",
          "prod2_manuf2",
          "part1_manuf12",
          "part2_manuf12"
        ],
        "subServiceMetrics": {
          "tier1manuf": {
            "type": "manufacturer",
            "cost": 1300,
            "constraints": true,
            "inFlow": {
              "mat1_manuf1": {
                "qty": 600,
                "item": "mat1"
              },
              "mat2_manuf1": {
                "qty": 1800,
                "item": "mat2"
              }
            },
            "outFlow": {
              "part1_manuf12": {
                "qty": 300,
                "item": "part1"
              },
              "part2_manuf12": {
                "qty": 500,
                "item": "part2"
              }
            }
          },
          "tier2manuf": {
            "type": "manufacturer",
            "cost": 1700,
            "constraints": true,
            "inFlow": {
              "part1_manuf12": {
                "qty": 300,
                "item": "part1"
              },
              "part2_manuf12": {
                "qty": 500,
                "item": "part2"
              }
            },
            "outFlow": {
              "prod1_manuf2": {
                "qty": 100,
                "item": "prod1"
              },
              "prod2_manuf2": {
                "qty": 200,
                "item": "prod2"
              }
            }
          }
        },
        "subServicesFlowSupply": {
          "mat1_manuf1": 0,
          "mat2_manuf1": 0,
          "prod1_manuf2": 100,
          "prod2_manuf2": 200,
          "part1_manuf12": 300,
          "part2_manuf12": 500
        },
        "subServicesFlowDemand": {
          "mat1_manuf1": 600,
          "mat2_manuf1": 1800,
          "prod1_manuf2": 0,
          "prod2_manuf2": 0,
          "part1_manuf12": 300,
          "part2_manuf12": 500
        },
        "inFlowKeys": [
          "mat1_manuf1",
          "mat2_manuf1"
        ],
        "outFlowKeys": [
          "prod1_manuf2",
          "prod2_manuf2"
        ],
        "internalFlowKeys": [
          "part1_manuf12",
          "part2_manuf12"
        ],
        "internalSupplySatisfiesDemand": true,
        "inFlowConstraints": true,
        "outFlowConstraints": true,
        "subServiceConstraints": true
      }
    },
    "tier1manuf": {
      "type": "manufacturer",
      "cost": 1300,
      "constraints": true,
      "inFlow": {
        "mat1_manuf1": {
          "qty": 600,
          "item": "mat1"
        },
        "mat2_manuf1": {
          "qty": 1800,
          "item": "mat2"
        }
      },
      "outFlow": {
        "part1_manuf12": {
          "qty": 300,
          "item": "part1"
        },
        "part2_manuf12": {
          "qty": 500,
          "item": "part2"
        }
      }
    },
    "tier2manuf": {
      "type": "manufacturer",
      "cost": 1700,
      "constraints": true,
      "inFlow": {
        "part1_manuf12": {
          "qty": 300,
          "item": "part1"
        },
        "part2_manuf12": {
          "qty": 500,
          "item": "part2"
        }
      },
      "outFlow": {
        "prod1_manuf2": {
          "qty": 100,
          "item": "prod1"
        },
        "prod2_manuf2": {
          "qty": 200,
          "item": "prod2"
        }
      }
    }
  }
}
