{
  "type": "transport",
  "cost": 5000,
  "constraints": true,
  "inFlow": {
    "mat1_sup1": {
      "qty": 600,
      "item": "mat1"
    },
    "mat2_sup1": {
      "qty": 700,
      "item": "mat2"
    },
    "mat1_sup2": {
      "qty": 400,
      "item": "mat1"
    },
    "mat2_sup2": {
      "qty": 600,
      "item": "mat2"
    }
  },
  "outFlow": {
    "mat1_manuf1": {
      "qty": 1000,
      "item": "mat1"
    },
    "mat2_manuf1": {
      "qty": 1300,
      "item": "mat2"
    }
  },
  "debug": {
    "busEntities": {
      "sup1": {
        "loc": "Fairfax"
      },
      "sup2": {
        "loc": "LA"
      },
      "transp1": {
        "loc": "Seattle"
      },
      "transp2": {
        "loc": "Baltimore"
      },
      "manuf1": {
        "loc": "NYC"
      },
      "manuf2": {
        "loc": "NYC"
      }
    },
    "sourceLocations": [
      "Fairfax",
      "LA"
    ],
    "destsPerSource": {
      "Fairfax": [
        "NYC"
      ],
      "LA": [
        "NYC"
      ]
    },
    "weightCostPerSourceDest": [
      {
        "source": "Fairfax",
        "dest": "NYC",
        "weight": 2000,
        "cost": 1000
      },
      {
        "source": "LA",
        "dest": "NYC",
        "weight": 1600,
        "cost": 4000
      }
    ]
  }
}
